bank_id,name,zipcode,type
1,American Bancorp,93810,Community
2,American Bank,24592,Savings
3,American Bank & Trust,13278,Credit Union
4,American Banking Corp,46048,Commercial
5,American Banking Group,42098,Commercial
6,American Commercial Bank,39256,Savings
7,American Community Bank,28289,Investment
8,American Credit Union,23434,Commercial
9,American Federal Bank,98696,Community
10,American Federal Credit Union,81482,Savings
11,American Financial,21395,Credit Union
12,American Financial Group,87397,Commercial
13,American Investment Bank,65302,Savings
14,American Mutual Bank,14165,Savings
15,American National Bank,13905,Investment
16,American Savings & Loan,22280,Credit Union
17,American Savings Bank,38657,Credit Union
18,American State Bank,40495,Credit Union
19,American Trust,76237,Community
20,American Trust Company,88907,Savings
21,Aspen Bancorp,13478,Community
22,Aspen Bank,83563,Community
23,Aspen Bank & Trust,36062,Savings
24,Aspen Banking Corp,95181,Credit Union
25,Aspen Banking Group,81426,Savings
26,Aspen Commercial Bank,64987,Investment
27,Aspen Community Bank,38893,Savings
28,Aspen Credit Union,68878,Savings
29,Aspen Federal Bank,87236,Commercial
30,Aspen Federal Credit Union,46463,Investment
31,Aspen Financial,10851,Commercial
32,Aspen Financial Group,30926,Credit Union
33,Aspen Investment Bank,65392,Credit Union
34,Aspen Mutual Bank,54597,Investment
35,Aspen National Bank,46421,Community
36,Aspen Savings & Loan,30379,Savings
37,Aspen Savings Bank,38221,Commercial
38,Aspen State Bank,54118,Investment
39,Aspen Trust,23396,Commercial
40,Aspen Trust Company,22156,Savings
41,Atlantic Bancorp,59797,Community
42,Atlantic Bank,22676,Commercial
43,Atlantic Bank & Trust,57052,Investment
44,Atlantic Banking Corp,55082,Savings
45,Atlantic Banking Group,89131,Savings
46,Atlantic Commercial Bank,44671,Community
47,Atlantic Community Bank,15695,Investment
48,Atlantic Credit Union,70217,Savings
49,Atlantic Federal Bank,80284,Commercial
50,Atlantic Federal Credit Union,26361,Credit Union
51,Atlantic Financial,59615,Investment
52,Atlantic Financial Group,20328,Commercial
53,Atlantic Investment Bank,82357,Community
54,Atlantic Mutual Bank,48427,Community
55,Atlantic National Bank,92397,Savings
56,Atlantic Savings & Loan,91070,Community
57,Atlantic Savings Bank,57400,Credit Union
58,Atlantic State Bank,85674,Commercial
59,Atlantic Trust,35203,Investment
60,Atlantic Trust Company,19116,Savings
61,Beacon Bancorp,16006,Investment
62,Beacon Bank,96673,Commercial
63,Beacon Bank & Trust,39871,Credit Union
64,Beacon Banking Corp,47930,Commercial
65,Beacon Banking Group,20458,Commercial
66,Beacon Commercial Bank,40512,Savings
67,Beacon Community Bank,23238,Investment
68,Beacon Credit Union,59823,Commercial
69,Beacon Federal Bank,46434,Commercial
70,Beacon Federal Credit Union,69429,Credit Union
71,Beacon Financial,93320,Community
72,Beacon Financial Group,57819,Credit Union
73,Beacon Investment Bank,31319,Investment
74,Beacon Mutual Bank,58520,Investment
75,Beacon National Bank,56566,Savings
76,Beacon Savings & Loan,37460,Community
77,Beacon Savings Bank,97841,Investment
78,Beacon State Bank,44993,Community
79,Beacon Trust,99593,Credit Union
80,Beacon Trust Company,94939,Investment
81,Birch Bancorp,19358,Commercial
82,Birch Bank,89840,Investment
83,Birch Bank & Trust,93227,Community
84,Birch Banking Corp,32431,Investment
85,Birch Banking Group,80010,Savings
86,Birch Commercial Bank,42087,Commercial
87,Birch Community Bank,31417,Savings
88,Birch Credit Union,70589,Credit Union
89,Birch Federal Bank,59735,Investment
90,Birch Federal Credit Union,45382,Investment
91,Birch Financial,93886,Credit Union
92,Birch Financial Group,83000,Savings
93,Birch Investment Bank,38785,Commercial
94,Birch Mutual Bank,99733,Savings
95,Birch National Bank,52504,Community
96,Birch Savings & Loan,17331,Savings
97,Birch Savings Bank,40021,Commercial
98,Birch State Bank,14207,Investment
99,Birch Trust,51347,Savings
100,Birch Trust Company,62581,Credit Union
101,Blackrock Bancorp,45093,Commercial
102,Blackrock Bank,18675,Investment
103,Blackrock Bank & Trust,37653,Commercial
104,Blackrock Banking Corp,84341,Credit Union
105,Blackrock Banking Group,51245,Community
106,Blackrock Commercial Bank,37869,Commercial
107,Blackrock Community Bank,95909,Commercial
108,Blackrock Credit Union,75435,Savings
109,Blackrock Federal Bank,61856,Credit Union
110,Blackrock Federal Credit Union,94259,Credit Union
111,Blackrock Financial,70142,Community
112,Blackrock Financial Group,28726,Credit Union
113,Blackrock Investment Bank,44718,Commercial
114,Blackrock Mutual Bank,28301,Community
115,Blackrock National Bank,42325,Credit Union
116,Blackrock Savings & Loan,83579,Community
117,Blackrock Savings Bank,80644,Credit Union
118,Blackrock State Bank,44438,Credit Union
119,Blackrock Trust,86622,Savings
120,Blackrock Trust Company,66155,Credit Union
121,Bluestone Bancorp,86484,Community
122,Bluestone Bank,62350,Commercial
123,Bluestone Bank & Trust,57447,Savings
124,Bluestone Banking Corp,38746,Credit Union
125,Bluestone Banking Group,28131,Credit Union
126,Bluestone Commercial Bank,76784,Community
127,Bluestone Community Bank,74686,Savings
128,Bluestone Credit Union,21915,Credit Union
129,Bluestone Federal Bank,16175,Commercial
130,Bluestone Federal Credit Union,24371,Commercial
131,Bluestone Financial,30033,Credit Union
132,Bluestone Financial Group,92240,Commercial
133,Bluestone Investment Bank,30969,Savings
134,Bluestone Mutual Bank,99192,Credit Union
135,Bluestone National Bank,65333,Community
136,Bluestone Savings & Loan,88172,Savings
137,Bluestone Savings Bank,18326,Commercial
138,Bluestone State Bank,60432,Credit Union
139,Bluestone Trust,60019,Savings
140,Bluestone Trust Company,88104,Commercial
141,Briarwood Bancorp,71348,Credit Union
142,Briarwood Bank,79352,Investment
143,Briarwood Bank & Trust,42953,Community
144,Briarwood Banking Corp,82512,Commercial
145,Briarwood Banking Group,11504,Commercial
146,Briarwood Commercial Bank,99166,Investment
147,Briarwood Community Bank,25014,Investment
148,Briarwood Credit Union,99353,Savings
149,Briarwood Federal Bank,80381,Community
150,Briarwood Federal Credit Union,44973,Community
151,Briarwood Financial,94012,Commercial
152,Briarwood Financial Group,54587,Investment
153,Briarwood Investment Bank,24621,Community
154,Briarwood Mutual Bank,48469,Credit Union
155,Briarwood National Bank,66985,Community
156,Briarwood Savings & Loan,30730,Commercial
157,Briarwood Savings Bank,69470,Community
158,Briarwood State Bank,10425,Savings
159,Briarwood Trust,44522,Investment
160,Briarwood Trust Company,75612,Commercial
161,Bridgeport Bancorp,33416,Commercial
162,Bridgeport Bank,76542,Investment
163,Bridgeport Bank & Trust,23947,Investment
164,Bridgeport Banking Corp,91959,Investment
165,Bridgeport Banking Group,49117,Commercial
166,Bridgeport Commercial Bank,93748,Investment
167,Bridgeport Community Bank,76540,Investment
168,Bridgeport Credit Union,89818,Commercial
169,Bridgeport Federal Bank,36071,Commercial
170,Bridgeport Federal Credit Union,30032,Savings
171,Bridgeport Financial,59009,Community
172,Bridgeport Financial Group,31174,Credit Union
173,Bridgeport Investment Bank,80697,Commercial
174,Bridgeport Mutual Bank,79514,Credit Union
175,Bridgeport National Bank,10074,Savings
176,Bridgeport Savings & Loan,88504,Community
177,Bridgeport Savings Bank,52487,Community
178,Bridgeport State Bank,74042,Community
179,Bridgeport Trust,12552,Savings
180,Bridgeport Trust Company,24662,Investment
181,Brookfield Bancorp,57576,Community
182,Brookfield Bank,50306,Community
183,Brookfield Bank & Trust,41385,Savings
184,Brookfield Banking Corp,17592,Investment
185,Brookfield Banking Group,41571,Community
186,Brookfield Commercial Bank,84364,Community
187,Brookfield Community Bank,20322,Investment
188,Brookfield Credit Union,21226,Commercial
189,Brookfield Federal Bank,73699,Commercial
190,Brookfield Federal Credit Union,19071,Community
191,Brookfield Financial,79822,Credit Union
192,Brookfield Financial Group,26483,Investment
193,Brookfield Investment Bank,26828,Investment
194,Brookfield Mutual Bank,96474,Credit Union
195,Brookfield National Bank,72296,Investment
196,Brookfield Savings & Loan,82063,Savings
197,Brookfield Savings Bank,31643,Investment
198,Brookfield State Bank,44741,Investment
199,Brookfield Trust,79163,Investment
200,Brookfield Trust Company,89507,Commercial
201,Cedar Bancorp,65461,Savings
202,Cedar Bank,37760,Investment
203,Cedar Bank & Trust,80686,Savings
204,Cedar Banking Corp,36365,Savings
205,Cedar Banking Group,50857,Savings
206,Cedar Commercial Bank,62296,Credit Union
207,Cedar Community Bank,98039,Investment
208,Cedar Credit Union,95180,Commercial
209,Cedar Federal Bank,58944,Commercial
210,Cedar Federal Credit Union,67422,Commercial
211,Cedar Financial,77839,Commercial
212,Cedar Financial Group,69177,Investment
213,Cedar Investment Bank,25860,Commercial
214,Cedar Mutual Bank,42493,Savings
215,Cedar National Bank,39451,Credit Union
216,Cedar Savings & Loan,18392,Community
217,Cedar Savings Bank,54313,Commercial
218,Cedar State Bank,12757,Community
219,Cedar Trust,87110,Community
220,Cedar Trust Company,82603,Community
221,Central Bancorp,40161,Savings
222,Central Bank,87128,Commercial
223,Central Bank & Trust,38864,Investment
224,Central Banking Corp,10942,Savings
225,Central Banking Group,19305,Investment
226,Central Commercial Bank,92719,Commercial
227,Central Community Bank,17716,Savings
228,Central Credit Union,40007,Community
229,Central Federal Bank,18834,Savings
230,Central Federal Credit Union,14117,Savings
231,Central Financial,53309,Commercial
232,Central Financial Group,19287,Community
233,Central Investment Bank,77391,Community
234,Central Mutual Bank,41195,Credit Union
235,Central National Bank,46500,Credit Union
236,Central Savings & Loan,97684,Investment
237,Central Savings Bank,73624,Credit Union
238,Central State Bank,38080,Commercial
239,Central Trust,80678,Savings
240,Central Trust Company,27342,Community
241,Clearwater Bancorp,84847,Savings
242,Clearwater Bank,85525,Commercial
243,Clearwater Bank & Trust,71953,Savings
244,Clearwater Banking Corp,41850,Community
245,Clearwater Banking Group,71993,Credit Union
246,Clearwater Commercial Bank,63354,Investment
247,Clearwater Community Bank,34957,Community
248,Clearwater Credit Union,22363,Community
249,Clearwater Federal Bank,22704,Community
250,Clearwater Federal Credit Union,96374,Community
251,Clearwater Financial,66498,Commercial
252,Clearwater Financial Group,56438,Community
253,Clearwater Investment Bank,65519,Savings
254,Clearwater Mutual Bank,63883,Commercial
255,Clearwater National Bank,71213,Credit Union
256,Clearwater Savings & Loan,17100,Savings
257,Clearwater Savings Bank,98259,Savings
258,Clearwater State Bank,95649,Savings
259,Clearwater Trust,94696,Savings
260,Clearwater Trust Company,22899,Commercial
261,Coastal Bancorp,17944,Credit Union
262,Coastal Bank,62772,Credit Union
263,Coastal Bank & Trust,54473,Community
264,Coastal Banking Corp,24322,Investment
265,Coastal Banking Group,42591,Commercial
266,Coastal Commercial Bank,35112,Credit Union
267,Coastal Community Bank,34931,Commercial
268,Coastal Credit Union,80292,Commercial
269,Coastal Federal Bank,68800,Community
270,Coastal Federal Credit Union,28373,Credit Union
271,Coastal Financial,65296,Investment
272,Coastal Financial Group,34050,Investment
273,Coastal Investment Bank,46509,Investment
274,Coastal Mutual Bank,70637,Savings
275,Coastal National Bank,42742,Credit Union
276,Coastal Savings & Loan,19880,Savings
277,Coastal Savings Bank,68082,Savings
278,Coastal State Bank,82132,Savings
279,Coastal Trust,22833,Community
280,Coastal Trust Company,16630,Community
281,Cornerstone Bancorp,95477,Commercial
282,Cornerstone Bank,80855,Commercial
283,Cornerstone Bank & Trust,11934,Credit Union
284,Cornerstone Banking Corp,22224,Credit Union
285,Cornerstone Banking Group,40982,Community
286,Cornerstone Commercial Bank,31798,Commercial
287,Cornerstone Community Bank,63269,Commercial
288,Cornerstone Credit Union,73653,Savings
289,Cornerstone Federal Bank,73092,Investment
290,Cornerstone Federal Credit Union,38016,Investment
291,Cornerstone Financial,62565,Investment
292,Cornerstone Financial Group,17685,Community
293,Cornerstone Investment Bank,31579,Investment
294,Cornerstone Mutual Bank,59672,Investment
295,Cornerstone National Bank,10282,Savings
296,Cornerstone Savings & Loan,61173,Credit Union
297,Cornerstone Savings Bank,44760,Community
298,Cornerstone State Bank,69638,Commercial
299,Cornerstone Trust,47388,Savings
300,Cornerstone Trust Company,65444,Investment
301,Crestview Bancorp,82845,Commercial
302,Crestview Bank,96752,Savings
303,Crestview Bank & Trust,73788,Community
304,Crestview Banking Corp,30289,Investment
305,Crestview Banking Group,34890,Community
306,Crestview Commercial Bank,48890,Savings
307,Crestview Community Bank,38534,Commercial
308,Crestview Credit Union,17665,Credit Union
309,Crestview Federal Bank,85914,Investment
310,Crestview Federal Credit Union,81066,Community
311,Crestview Financial,17989,Commercial
312,Crestview Financial Group,51104,Commercial
313,Crestview Investment Bank,17492,Credit Union
314,Crestview Mutual Bank,16572,Savings
315,Crestview National Bank,86569,Credit Union
316,Crestview Savings & Loan,72493,Credit Union
317,Crestview Savings Bank,75909,Savings
318,Crestview State Bank,79615,Savings
319,Crestview Trust,30635,Savings
320,Crestview Trust Company,17455,Commercial
321,Crossroads Bancorp,76562,Commercial
322,Crossroads Bank,20500,Investment
323,Crossroads Bank & Trust,34356,Investment
324,Crossroads Banking Corp,18981,Credit Union
325,Crossroads Banking Group,87992,Credit Union
326,Crossroads Commercial Bank,18907,Investment
327,Crossroads Community Bank,98501,Community
328,Crossroads Credit Union,40828,Credit Union
329,Crossroads Federal Bank,62923,Community
330,Crossroads Federal Credit Union,25713,Community
331,Crossroads Financial,84668,Savings
332,Crossroads Financial Group,42271,Commercial
333,Crossroads Investment Bank,85880,Investment
334,Crossroads Mutual Bank,87924,Commercial
335,Crossroads National Bank,15209,Investment
336,Crossroads Savings & Loan,91183,Commercial
337,Crossroads Savings Bank,20745,Investment
338,Crossroads State Bank,64948,Commercial
339,Crossroads Trust,96163,Savings
340,Crossroads Trust Company,86503,Community
341,Crystal Bancorp,84085,Investment
342,Crystal Bank,78522,Community
343,Crystal Bank & Trust,51467,Investment
344,Crystal Banking Corp,44179,Investment
345,Crystal Banking Group,36772,Savings
346,Crystal Commercial Bank,97782,Commercial
347,Crystal Community Bank,51180,Investment
348,Crystal Credit Union,41285,Commercial
349,Crystal Federal Bank,44814,Savings
350,Crystal Federal Credit Union,61876,Credit Union
351,Crystal Financial,27154,Community
352,Crystal Financial Group,98039,Investment
353,Crystal Investment Bank,94607,Savings
354,Crystal Mutual Bank,49321,Commercial
355,Crystal National Bank,69929,Investment
356,Crystal Savings & Loan,51441,Commercial
357,Crystal Savings Bank,19508,Credit Union
358,Crystal State Bank,11220,Investment
359,Crystal Trust,70068,Community
360,Crystal Trust Company,91416,Investment
361,Cypress Bancorp,83792,Community
362,Cypress Bank,23104,Commercial
363,Cypress Bank & Trust,19602,Investment
364,Cypress Banking Corp,80468,Savings
365,Cypress Banking Group,37938,Savings
366,Cypress Commercial Bank,76307,Credit Union
367,Cypress Community Bank,44760,Savings
368,Cypress Credit Union,27361,Credit Union
369,Cypress Federal Bank,55745,Commercial
370,Cypress Federal Credit Union,19016,Community
371,Cypress Financial,42018,Commercial
372,Cypress Financial Group,58434,Community
373,Cypress Investment Bank,47353,Community
374,Cypress Mutual Bank,30676,Credit Union
375,Cypress National Bank,67433,Savings
376,Cypress Savings & Loan,81200,Savings
377,Cypress Savings Bank,49651,Credit Union
378,Cypress State Bank,90173,Credit Union
379,Cypress Trust,95717,Commercial
380,Cypress Trust Company,79329,Credit Union
381,Deepwater Bancorp,11025,Savings
382,Deepwater Bank,97538,Credit Union
383,Deepwater Bank & Trust,82692,Credit Union
384,Deepwater Banking Corp,49240,Community
385,Deepwater Banking Group,96951,Credit Union
386,Deepwater Commercial Bank,23577,Commercial
387,Deepwater Community Bank,27601,Credit Union
388,Deepwater Credit Union,44664,Investment
389,Deepwater Federal Bank,25129,Investment
390,Deepwater Federal Credit Union,24029,Community
391,Deepwater Financial,82512,Community
392,Deepwater Financial Group,30374,Investment
393,Deepwater Investment Bank,45697,Community
394,Deepwater Mutual Bank,46930,Community
395,Deepwater National Bank,89276,Savings
396,Deepwater Savings & Loan,37607,Savings
397,Deepwater Savings Bank,54942,Credit Union
398,Deepwater State Bank,36685,Investment
399,Deepwater Trust,93130,Commercial
400,Deepwater Trust Company,44600,Investment
401,Diamond Bancorp,76244,Investment
402,Diamond Bank,74032,Savings
403,Diamond Bank & Trust,42914,Savings
404,Diamond Banking Corp,16658,Community
405,Diamond Banking Group,22097,Commercial
406,Diamond Commercial Bank,93136,Savings
407,Diamond Community Bank,65518,Community
408,Diamond Credit Union,46265,Commercial
409,Diamond Federal Bank,15778,Savings
410,Diamond Federal Credit Union,10464,Investment
411,Diamond Financial,53719,Investment
412,Diamond Financial Group,27146,Commercial
413,Diamond Investment Bank,93507,Commercial
414,Diamond Mutual Bank,44335,Savings
415,Diamond National Bank,31178,Savings
416,Diamond Savings & Loan,67912,Commercial
417,Diamond Savings Bank,82309,Commercial
418,Diamond State Bank,66057,Community
419,Diamond Trust,83519,Community
420,Diamond Trust Company,11267,Community
421,Eagle Bancorp,24663,Investment
422,Eagle Bank,19862,Investment
423,Eagle Bank & Trust,29536,Community
424,Eagle Banking Corp,81511,Community
425,Eagle Banking Group,14722,Commercial
426,Eagle Commercial Bank,58393,Investment
427,Eagle Community Bank,86350,Community
428,Eagle Credit Union,82420,Credit Union
429,Eagle Federal Bank,29410,Savings
430,Eagle Federal Credit Union,66333,Community
431,Eagle Financial,26704,Investment
432,Eagle Financial Group,15482,Community
433,Eagle Investment Bank,50404,Credit Union
434,Eagle Mutual Bank,57795,Commercial
435,Eagle National Bank,15229,Investment
436,Eagle Savings & Loan,56898,Commercial
437,Eagle Savings Bank,37535,Savings
438,Eagle State Bank,99399,Commercial
439,Eagle Trust,42706,Community
440,Eagle Trust Company,97416,Credit Union
441,Eastern Bancorp,23473,Commercial
442,Eastern Bank,56357,Credit Union
443,Eastern Bank & Trust,83385,Investment
444,Eastern Banking Corp,63264,Investment
445,Eastern Banking Group,91351,Community
446,Eastern Commercial Bank,30257,Community
447,Eastern Community Bank,41029,Community
448,Eastern Credit Union,31299,Credit Union
449,Eastern Federal Bank,33206,Savings
450,Eastern Federal Credit Union,64040,Savings
451,Eastern Financial,13248,Savings
452,Eastern Financial Group,33509,Investment
453,Eastern Investment Bank,53540,Investment
454,Eastern Mutual Bank,63964,Savings
455,Eastern National Bank,97806,Community
456,Eastern Savings & Loan,42527,Commercial
457,Eastern Savings Bank,44970,Savings
458,Eastern State Bank,30866,Commercial
459,Eastern Trust,24168,Savings
460,Eastern Trust Company,60140,Commercial
461,Eastview Bancorp,15075,Community
462,Eastview Bank,71694,Investment
463,Eastview Bank & Trust,39154,Savings
464,Eastview Banking Corp,36158,Savings
465,Eastview Banking Group,70332,Community
466,Eastview Commercial Bank,55830,Credit Union
467,Eastview Community Bank,50001,Savings
468,Eastview Credit Union,39831,Commercial
469,Eastview Federal Bank,39219,Community
470,Eastview Federal Credit Union,13101,Credit Union
471,Eastview Financial,96511,Savings
472,Eastview Financial Group,35313,Savings
473,Eastview Investment Bank,62227,Investment
474,Eastview Mutual Bank,53025,Credit Union
475,Eastview National Bank,46517,Community
476,Eastview Savings & Loan,19099,Commercial
477,Eastview Savings Bank,46585,Savings
478,Eastview State Bank,56025,Community
479,Eastview Trust,94080,Investment
480,Eastview Trust Company,76768,Savings
481,Edgewood Bancorp,62386,Credit Union
482,Edgewood Bank,99065,Community
483,Edgewood Bank & Trust,80282,Commercial
484,Edgewood Banking Corp,53404,Investment
485,Edgewood Banking Group,13617,Community
486,Edgewood Commercial Bank,25118,Savings
487,Edgewood Community Bank,44237,Commercial
488,Edgewood Credit Union,33405,Savings
489,Edgewood Federal Bank,86099,Savings
490,Edgewood Federal Credit Union,44795,Credit Union
491,Edgewood Financial,15014,Credit Union
492,Edgewood Financial Group,24208,Savings
493,Edgewood Investment Bank,88193,Investment
494,Edgewood Mutual Bank,66959,Credit Union
495,Edgewood National Bank,55309,Credit Union
496,Edgewood Savings & Loan,51114,Credit Union
497,Edgewood Savings Bank,67199,Credit Union
498,Edgewood State Bank,89457,Commercial
499,Edgewood Trust,77033,Savings
500,Edgewood Trust Company,25157,Commercial
501,Elm Bancorp,60488,Community
502,Elm Bank,85574,Community
503,Elm Bank & Trust,34914,Community
504,Elm Banking Corp,43386,Commercial
505,Elm Banking Group,15817,Savings
506,Elm Commercial Bank,67154,Community
507,Elm Community Bank,10221,Credit Union
508,Elm Credit Union,78146,Community
509,Elm Federal Bank,80575,Investment
510,Elm Federal Credit Union,97900,Credit Union
511,Elm Financial,35825,Credit Union
512,Elm Financial Group,57739,Credit Union
513,Elm Investment Bank,66531,Community
514,Elm Mutual Bank,19171,Credit Union
515,Elm National Bank,97062,Investment
516,Elm Savings & Loan,53279,Commercial
517,Elm Savings Bank,91678,Investment
518,Elm State Bank,51145,Savings
519,Elm Trust,96951,Credit Union
520,Elm Trust Company,26334,Investment
521,Emerald Bancorp,49363,Community
522,Emerald Bank,76469,Savings
523,Emerald Bank & Trust,50538,Investment
524,Emerald Banking Corp,97410,Credit Union
525,Emerald Banking Group,63528,Community
526,Emerald Commercial Bank,52753,Credit Union
527,Emerald Community Bank,62743,Savings
528,Emerald Credit Union,48752,Investment
529,Emerald Federal Bank,82667,Credit Union
530,Emerald Federal Credit Union,26683,Savings
531,Emerald Financial,35144,Community
532,Emerald Financial Group,65108,Investment
533,Emerald Investment Bank,97153,Investment
534,Emerald Mutual Bank,59695,Savings
535,Emerald National Bank,98777,Investment
536,Emerald Savings & Loan,32810,Community
537,Emerald Savings Bank,90676,Community
538,Emerald State Bank,84593,Investment
539,Emerald Trust,49446,Credit Union
540,Emerald Trust Company,63225,Credit Union
541,Fairview Bancorp,81819,Community
542,Fairview Bank,10053,Credit Union
543,Fairview Bank & Trust,49829,Savings
544,Fairview Banking Corp,47606,Commercial
545,Fairview Banking Group,37549,Investment
546,Fairview Commercial Bank,66346,Savings
547,Fairview Community Bank,86019,Community
548,Fairview Credit Union,89516,Commercial
549,Fairview Federal Bank,95813,Community
550,Fairview Federal Credit Union,52237,Commercial
551,Fairview Financial,70946,Savings
552,Fairview Financial Group,67905,Commercial
553,Fairview Investment Bank,67954,Credit Union
554,Fairview Mutual Bank,98555,Savings
555,Fairview National Bank,38010,Investment
556,Fairview Savings & Loan,77000,Community
557,Fairview Savings Bank,72021,Credit Union
558,Fairview State Bank,32241,Investment
559,Fairview Trust,96356,Commercial
560,Fairview Trust Company,21114,Credit Union
561,First Bancorp,47196,Investment
562,First Bank,77561,Savings
563,First Bank & Trust,97012,Commercial
564,First Banking Corp,92960,Investment
565,First Banking Group,91167,Commercial
566,First Commercial Bank,53933,Investment
567,First Community Bank,22240,Community
568,First Credit Union,40784,Savings
569,First Federal Bank,98184,Credit Union
570,First Federal Credit Union,50687,Investment
571,First Financial,39444,Commercial
572,First Financial Group,36100,Savings
573,First Investment Bank,29313,Credit Union
574,First Mutual Bank,13201,Commercial
575,First National Bank,16057,Savings
576,First Savings & Loan,42092,Commercial
577,First Savings Bank,72277,Savings
578,First State Bank,90120,Credit Union
579,First Trust,19545,Credit Union
580,First Trust Company,69692,Commercial
581,Foxwood Bancorp,64321,Savings
582,Foxwood Bank,92544,Investment
583,Foxwood Bank & Trust,85454,Credit Union
584,Foxwood Banking Corp,35485,Investment
585,Foxwood Banking Group,60328,Investment
586,Foxwood Commercial Bank,74799,Community
587,Foxwood Community Bank,62383,Commercial
588,Foxwood Credit Union,41979,Commercial
589,Foxwood Federal Bank,29342,Commercial
590,Foxwood Federal Credit Union,95990,Savings
591,Foxwood Financial,10726,Credit Union
592,Foxwood Financial Group,23970,Credit Union
593,Foxwood Investment Bank,65724,Community
594,Foxwood Mutual Bank,38683,Community
595,Foxwood National Bank,33053,Community
596,Foxwood Savings & Loan,77889,Investment
597,Foxwood Savings Bank,70889,Commercial
598,Foxwood State Bank,16582,Savings
599,Foxwood Trust,83060,Credit Union
600,Foxwood Trust Company,42662,Savings
601,Freedom Bancorp,25906,Commercial
602,Freedom Bank,69829,Commercial
603,Freedom Bank & Trust,27477,Credit Union
604,Freedom Banking Corp,70901,Investment
605,Freedom Banking Group,97500,Community
606,Freedom Commercial Bank,79616,Investment
607,Freedom Community Bank,83259,Commercial
608,Freedom Credit Union,88047,Commercial
609,Freedom Federal Bank,51588,Investment
610,Freedom Federal Credit Union,68008,Community
611,Freedom Financial,90301,Community
612,Freedom Financial Group,76162,Commercial
613,Freedom Investment Bank,65933,Community
614,Freedom Mutual Bank,81810,Community
615,Freedom National Bank,68446,Credit Union
616,Freedom Savings & Loan,30861,Credit Union
617,Freedom Savings Bank,72216,Savings
618,Freedom State Bank,68991,Investment
619,Freedom Trust,43972,Commercial
620,Freedom Trust Company,42406,Community
621,Frontier Bancorp,93579,Savings
622,Frontier Bank,46347,Credit Union
623,Frontier Bank & Trust,78327,Community
624,Frontier Banking Corp,73517,Investment
625,Frontier Banking Group,92149,Credit Union
626,Frontier Commercial Bank,41358,Commercial
627,Frontier Community Bank,45992,Community
628,Frontier Credit Union,67654,Savings
629,Frontier Federal Bank,20155,Commercial
630,Frontier Federal Credit Union,47450,Community
631,Frontier Financial,40735,Community
632,Frontier Financial Group,45614,Community
633,Frontier Investment Bank,54020,Community
634,Frontier Mutual Bank,51904,Community
635,Frontier National Bank,80798,Commercial
636,Frontier Savings & Loan,20561,Investment
637,Frontier Savings Bank,28136,Investment
638,Frontier State Bank,29769,Commercial
639,Frontier Trust,40311,Investment
640,Frontier Trust Company,60205,Savings
641,Golden Bancorp,30028,Savings
642,Golden Bank,38043,Commercial
643,Golden Bank & Trust,18418,Savings
644,Golden Banking Corp,64377,Commercial
645,Golden Banking Group,63424,Savings
646,Golden Commercial Bank,53369,Credit Union
647,Golden Community Bank,81121,Commercial
648,Golden Credit Union,71069,Community
649,Golden Federal Bank,64496,Savings
650,Golden Federal Credit Union,18161,Credit Union
651,Golden Financial,37110,Commercial
652,Golden Financial Group,65069,Savings
653,Golden Investment Bank,61049,Community
654,Golden Mutual Bank,86556,Savings
655,Golden National Bank,12560,Credit Union
656,Golden Savings & Loan,85456,Investment
657,Golden Savings Bank,59857,Investment
658,Golden State Bank,72518,Credit Union
659,Golden Trust,10772,Credit Union
660,Golden Trust Company,56105,Commercial
661,Granite Bancorp,49139,Investment
662,Granite Bank,61116,Commercial
663,Granite Bank & Trust,64921,Savings
664,Granite Banking Corp,80545,Credit Union
665,Granite Banking Group,81582,Commercial
666,Granite Commercial Bank,89069,Credit Union
667,Granite Community Bank,38906,Commercial
668,Granite Credit Union,73993,Savings
669,Granite Federal Bank,38760,Savings
670,Granite Federal Credit Union,45774,Community
671,Granite Financial,67125,Investment
672,Granite Financial Group,73654,Community
673,Granite Investment Bank,13804,Investment
674,Granite Mutual Bank,60968,Savings
675,Granite National Bank,54057,Commercial
676,Granite Savings & Loan,97670,Credit Union
677,Granite Savings Bank,99016,Savings
678,Granite State Bank,62994,Savings
679,Granite Trust,31632,Commercial
680,Granite Trust Company,71261,Savings
681,Greystone Bancorp,26728,Savings
682,Greystone Bank,91560,Commercial
683,Greystone Bank & Trust,80008,Savings
684,Greystone Banking Corp,13534,Investment
685,Greystone Banking Group,61645,Investment
686,Greystone Commercial Bank,87580,Investment
687,Greystone Community Bank,83975,Investment
688,Greystone Credit Union,96900,Savings
689,Greystone Federal Bank,13552,Credit Union
690,Greystone Federal Credit Union,21003,Investment
691,Greystone Financial,94246,Investment
692,Greystone Financial Group,66179,Savings
693,Greystone Investment Bank,27786,Community
694,Greystone Mutual Bank,70515,Savings
695,Greystone National Bank,33819,Commercial
696,Greystone Savings & Loan,16590,Investment
697,Greystone Savings Bank,44099,Commercial
698,Greystone State Bank,59689,Investment
699,Greystone Trust,52906,Community
700,Greystone Trust Company,37742,Credit Union
701,Harbor Bancorp,69598,Community
702,Harbor Bank,52840,Savings
703,Harbor Bank & Trust,54236,Savings
704,Harbor Banking Corp,59692,Commercial
705,Harbor Banking Group,46471,Commercial
706,Harbor Commercial Bank,65255,Savings
707,Harbor Community Bank,43065,Savings
708,Harbor Credit Union,20735,Savings
709,Harbor Federal Bank,71644,Investment
710,Harbor Federal Credit Union,12540,Community
711,Harbor Financial,80702,Investment
712,Harbor Financial Group,16826,Credit Union
713,Harbor Investment Bank,55870,Investment
714,Harbor Mutual Bank,39389,Savings
715,Harbor National Bank,95215,Investment
716,Harbor Savings & Loan,18993,Commercial
717,Harbor Savings Bank,95426,Savings
718,Harbor State Bank,15276,Community
719,Harbor Trust,14067,Investment
720,Harbor Trust Company,42411,Savings
721,Heritage Bancorp,36130,Commercial
722,Heritage Bank,12671,Commercial
723,Heritage Bank & Trust,91439,Investment
724,Heritage Banking Corp,29973,Savings
725,Heritage Banking Group,41266,Community
726,Heritage Commercial Bank,26544,Credit Union
727,Heritage Community Bank,72070,Commercial
728,Heritage Credit Union,97747,Credit Union
729,Heritage Federal Bank,24993,Community
730,Heritage Federal Credit Union,83920,Investment
731,Heritage Financial,38569,Commercial
732,Heritage Financial Group,70952,Credit Union
733,Heritage Investment Bank,43586,Commercial
734,Heritage Mutual Bank,58351,Credit Union
735,Heritage National Bank,31992,Savings
736,Heritage Savings & Loan,89415,Savings
737,Heritage Savings Bank,89593,Investment
738,Heritage State Bank,25012,Community
739,Heritage Trust,31465,Commercial
740,Heritage Trust Company,50768,Community
741,Highland Bancorp,24168,Credit Union
742,Highland Bank,85849,Investment
743,Highland Bank & Trust,13365,Savings
744,Highland Banking Corp,50888,Savings
745,Highland Banking Group,85470,Investment
746,Highland Commercial Bank,98781,Commercial
747,Highland Community Bank,59192,Community
748,Highland Credit Union,61990,Credit Union
749,Highland Federal Bank,35995,Community
750,Highland Federal Credit Union,19961,Savings
751,Highland Financial,87607,Investment
752,Highland Financial Group,92213,Savings
753,Highland Investment Bank,41830,Savings
754,Highland Mutual Bank,23356,Credit Union
755,Highland National Bank,49529,Commercial
756,Highland Savings & Loan,99687,Commercial
757,Highland Savings Bank,88697,Credit Union
758,Highland State Bank,25866,Investment
759,Highland Trust,84177,Community
760,Highland Trust Company,15383,Investment
761,Horizon Bancorp,55508,Community
762,Horizon Bank,79827,Commercial
763,Horizon Bank & Trust,66148,Savings
764,Horizon Banking Corp,96706,Savings
765,Horizon Banking Group,58571,Investment
766,Horizon Commercial Bank,19038,Credit Union
767,Horizon Community Bank,76317,Community
768,Horizon Credit Union,94874,Savings
769,Horizon Federal Bank,54725,Investment
770,Horizon Federal Credit Union,11658,Credit Union
771,Horizon Financial,65057,Commercial
772,Horizon Financial Group,74251,Credit Union
773,Horizon Investment Bank,23833,Commercial
774,Horizon Mutual Bank,66822,Investment
775,Horizon National Bank,57472,Credit Union
776,Horizon Savings & Loan,93307,Investment
777,Horizon Savings Bank,70258,Commercial
778,Horizon State Bank,30052,Savings
779,Horizon Trust,67080,Savings
780,Horizon Trust Company,33086,Commercial
781,Ironstone Bancorp,78386,Community
782,Ironstone Bank,95256,Community
783,Ironstone Bank & Trust,45400,Savings
784,Ironstone Banking Corp,90728,Savings
785,Ironstone Banking Group,80539,Credit Union
786,Ironstone Commercial Bank,73372,Credit Union
787,Ironstone Community Bank,70931,Savings
788,Ironstone Credit Union,67091,Community
789,Ironstone Federal Bank,87656,Credit Union
790,Ironstone Federal Credit Union,45179,Commercial
791,Ironstone Financial,52245,Credit Union
792,Ironstone Financial Group,42177,Credit Union
793,Ironstone Investment Bank,21359,Credit Union
794,Ironstone Mutual Bank,46559,Investment
795,Ironstone National Bank,69087,Commercial
796,Ironstone Savings & Loan,41963,Savings
797,Ironstone Savings Bank,70910,Community
798,Ironstone State Bank,84691,Community
799,Ironstone Trust,89997,Savings
800,Ironstone Trust Company,97580,Investment
801,Ironwood Bancorp,59674,Community
802,Ironwood Bank,54092,Credit Union
803,Ironwood Bank & Trust,13761,Community
804,Ironwood Banking Corp,74789,Commercial
805,Ironwood Banking Group,52600,Commercial
806,Ironwood Commercial Bank,33834,Savings
807,Ironwood Community Bank,73904,Investment
808,Ironwood Credit Union,37802,Investment
809,Ironwood Federal Bank,56507,Community
810,Ironwood Federal Credit Union,43862,Investment
811,Ironwood Financial,54608,Investment
812,Ironwood Financial Group,46655,Community
813,Ironwood Investment Bank,88139,Commercial
814,Ironwood Mutual Bank,46211,Credit Union
815,Ironwood National Bank,82848,Savings
816,Ironwood Savings & Loan,11330,Commercial
817,Ironwood Savings Bank,77715,Investment
818,Ironwood State Bank,35042,Investment
819,Ironwood Trust,21221,Community
820,Ironwood Trust Company,41635,Savings
821,Keystone Bancorp,63271,Credit Union
822,Keystone Bank,74038,Community
823,Keystone Bank & Trust,82768,Community
824,Keystone Banking Corp,41499,Credit Union
825,Keystone Banking Group,72402,Credit Union
826,Keystone Commercial Bank,94659,Investment
827,Keystone Community Bank,74332,Community
828,Keystone Credit Union,68743,Commercial
829,Keystone Federal Bank,12260,Commercial
830,Keystone Federal Credit Union,22196,Community
831,Keystone Financial,48566,Credit Union
832,Keystone Financial Group,39045,Savings
833,Keystone Investment Bank,63005,Credit Union
834,Keystone Mutual Bank,41890,Credit Union
835,Keystone National Bank,50135,Savings
836,Keystone Savings & Loan,97026,Credit Union
837,Keystone Savings Bank,86225,Savings
838,Keystone State Bank,58368,Community
839,Keystone Trust,72031,Savings
840,Keystone Trust Company,82544,Commercial
841,Lake Bancorp,79588,Savings
842,Lake Bank,55056,Credit Union
843,Lake Bank & Trust,65771,Community
844,Lake Banking Corp,82140,Savings
845,Lake Banking Group,53357,Credit Union
846,Lake Commercial Bank,56112,Savings
847,Lake Community Bank,69473,Community
848,Lake Credit Union,45509,Community
849,Lake Federal Bank,50189,Commercial
850,Lake Federal Credit Union,42951,Community
851,Lake Financial,40217,Credit Union
852,Lake Financial Group,25814,Community
853,Lake Investment Bank,35242,Community
854,Lake Mutual Bank,51359,Credit Union
855,Lake National Bank,25670,Credit Union
856,Lake Savings & Loan,80236,Community
857,Lake Savings Bank,34267,Community
858,Lake State Bank,35105,Savings
859,Lake Trust,38361,Community
860,Lake Trust Company,73464,Commercial
861,Lakeshore Bancorp,46241,Commercial
862,Lakeshore Bank,87278,Commercial
863,Lakeshore Bank & Trust,78765,Commercial
864,Lakeshore Banking Corp,88222,Community
865,Lakeshore Banking Group,47093,Savings
866,Lakeshore Commercial Bank,23176,Credit Union
867,Lakeshore Community Bank,35443,Community
868,Lakeshore Credit Union,48829,Investment
869,Lakeshore Federal Bank,39816,Community
870,Lakeshore Federal Credit Union,57301,Commercial
871,Lakeshore Financial,33519,Investment
872,Lakeshore Financial Group,49618,Community
873,Lakeshore Investment Bank,11854,Savings
874,Lakeshore Mutual Bank,80010,Savings
875,Lakeshore National Bank,26591,Investment
876,Lakeshore Savings & Loan,45954,Credit Union
877,Lakeshore Savings Bank,15965,Investment
878,Lakeshore State Bank,17146,Savings
879,Lakeshore Trust,82529,Investment
880,Lakeshore Trust Company,48290,Commercial
881,Liberty Bancorp,26551,Commercial
882,Liberty Bank,93606,Credit Union
883,Liberty Bank & Trust,74340,Investment
884,Liberty Banking Corp,23446,Investment
885,Liberty Banking Group,11607,Investment
886,Liberty Commercial Bank,85243,Investment
887,Liberty Community Bank,47268,Credit Union
888,Liberty Credit Union,71524,Savings
889,Liberty Federal Bank,72746,Community
890,Liberty Federal Credit Union,67733,Credit Union
891,Liberty Financial,54657,Savings
892,Liberty Financial Group,34164,Savings
893,Liberty Investment Bank,16734,Savings
894,Liberty Mutual Bank,43092,Investment
895,Liberty National Bank,72616,Credit Union
896,Liberty Savings & Loan,24953,Savings
897,Liberty Savings Bank,18564,Community
898,Liberty State Bank,62521,Community
899,Liberty Trust,74454,Commercial
900,Liberty Trust Company,19710,Savings
901,Magnolia Bancorp,85631,Credit Union
902,Magnolia Bank,92502,Investment
903,Magnolia Bank & Trust,99974,Commercial
904,Magnolia Banking Corp,17026,Savings
905,Magnolia Banking Group,29887,Investment
906,Magnolia Commercial Bank,29555,Credit Union
907,Magnolia Community Bank,83772,Credit Union
908,Magnolia Credit Union,49824,Commercial
909,Magnolia Federal Bank,21164,Commercial
910,Magnolia Federal Credit Union,42530,Savings
911,Magnolia Financial,25525,Investment
912,Magnolia Financial Group,83147,Community
913,Magnolia Investment Bank,64548,Investment
914,Magnolia Mutual Bank,89471,Credit Union
915,Magnolia National Bank,88135,Credit Union
916,Magnolia Savings & Loan,91057,Savings
917,Magnolia Savings Bank,39581,Community
918,Magnolia State Bank,78494,Savings
919,Magnolia Trust,59856,Credit Union
920,Magnolia Trust Company,69049,Credit Union
921,Maple Bancorp,68028,Investment
922,Maple Bank,48974,Community
923,Maple Bank & Trust,87139,Investment
924,Maple Banking Corp,66207,Investment
925,Maple Banking Group,50026,Savings
926,Maple Commercial Bank,84531,Investment
927,Maple Community Bank,91399,Commercial
928,Maple Credit Union,17894,Commercial
929,Maple Federal Bank,89905,Investment
930,Maple Federal Credit Union,23006,Community
931,Maple Financial,37235,Investment
932,Maple Financial Group,91987,Credit Union
933,Maple Investment Bank,37659,Credit Union
934,Maple Mutual Bank,44687,Community
935,Maple National Bank,96563,Savings
936,Maple Savings & Loan,20641,Commercial
937,Maple Savings Bank,30585,Commercial
938,Maple State Bank,41439,Savings
939,Maple Trust,32782,Investment
940,Maple Trust Company,82350,Community
941,Midwest Bancorp,19838,Investment
942,Midwest Bank,30517,Savings
943,Midwest Bank & Trust,10350,Community
944,Midwest Banking Corp,63545,Commercial
945,Midwest Banking Group,69048,Commercial
946,Midwest Commercial Bank,87832,Investment
947,Midwest Community Bank,71592,Credit Union
948,Midwest Credit Union,48175,Savings
949,Midwest Federal Bank,14278,Savings
950,Midwest Federal Credit Union,40340,Investment
951,Midwest Financial,47762,Savings
952,Midwest Financial Group,47056,Commercial
953,Midwest Investment Bank,69510,Investment
954,Midwest Mutual Bank,19329,Commercial
955,Midwest National Bank,40595,Community
956,Midwest Savings & Loan,44675,Community
957,Midwest Savings Bank,91927,Credit Union
958,Midwest State Bank,87304,Savings
959,Midwest Trust,96662,Community
960,Midwest Trust Company,35928,Savings
961,Millstone Bancorp,65723,Commercial
962,Millstone Bank,25043,Investment
963,Millstone Bank & Trust,81376,Community
964,Millstone Banking Corp,39466,Investment
965,Millstone Banking Group,94886,Community
966,Millstone Commercial Bank,29528,Savings
967,Millstone Community Bank,44816,Community
968,Millstone Credit Union,28643,Community
969,Millstone Federal Bank,19359,Commercial
970,Millstone Federal Credit Union,17816,Credit Union
971,Millstone Financial,31747,Commercial
972,Millstone Financial Group,50319,Investment
973,Millstone Investment Bank,87993,Savings
974,Millstone Mutual Bank,84607,Savings
975,Millstone National Bank,47828,Community
976,Millstone Savings & Loan,67560,Savings
977,Millstone Savings Bank,26299,Credit Union
978,Millstone State Bank,71433,Credit Union
979,Millstone Trust,49857,Community
980,Millstone Trust Company,62757,Community
981,Mountain Bancorp,45683,Investment
982,Mountain Bank,75597,Community
983,Mountain Bank & Trust,80776,Commercial
984,Mountain Banking Corp,74722,Commercial
985,Mountain Banking Group,67377,Commercial
986,Mountain Commercial Bank,20543,Credit Union
987,Mountain Community Bank,88385,Savings
988,Mountain Credit Union,15224,Investment
989,Mountain Federal Bank,66626,Community
990,Mountain Federal Credit Union,52247,Investment
991,Mountain Financial,89129,Credit Union
992,Mountain Financial Group,42816,Community
993,Mountain Investment Bank,13390,Community
994,Mountain Mutual Bank,21970,Credit Union
995,Mountain National Bank,40005,Savings
996,Mountain Savings & Loan,98381,Community
997,Mountain Savings Bank,85392,Savings
998,Mountain State Bank,86955,Credit Union
999,Mountain Trust,12719,Investment
1000,Mountain Trust Company,98117,Community
1001,National Bancorp,45325,Savings
1002,National Bank,85529,Community
1003,National Bank & Trust,15273,Savings
1004,National Banking Corp,32962,Community
1005,National Banking Group,71669,Community
1006,National Commercial Bank,78021,Community
1007,National Community Bank,95394,Investment
1008,National Credit Union,67963,Community
1009,National Federal Bank,46458,Savings
1010,National Federal Credit Union,33788,Investment
1011,National Financial,86720,Commercial
1012,National Financial Group,67132,Savings
1013,National Investment Bank,93202,Savings
1014,National Mutual Bank,74451,Commercial
1015,National National Bank,21959,Investment
1016,National Savings & Loan,71605,Community
1017,National Savings Bank,55607,Savings
1018,National State Bank,63523,Commercial
1019,National Trust,53687,Community
1020,National Trust Company,52081,Investment
1021,Northern Bancorp,97835,Savings
1022,Northern Bank,23710,Community
1023,Northern Bank & Trust,31079,Community
1024,Northern Banking Corp,53228,Credit Union
1025,Northern Banking Group,63955,Commercial
1026,Northern Commercial Bank,74942,Community
1027,Northern Community Bank,47777,Investment
1028,Northern Credit Union,96846,Credit Union
1029,Northern Federal Bank,62488,Community
1030,Northern Federal Credit Union,82102,Community
1031,Northern Financial,14809,Investment
1032,Northern Financial Group,69614,Credit Union
1033,Northern Investment Bank,21542,Credit Union
1034,Northern Mutual Bank,51224,Commercial
1035,Northern National Bank,43082,Community
1036,Northern Savings & Loan,52372,Commercial
1037,Northern Savings Bank,25194,Credit Union
1038,Northern State Bank,62976,Commercial
1039,Northern Trust,77449,Investment
1040,Northern Trust Company,10150,Savings
1041,Northshore Bancorp,96200,Investment
1042,Northshore Bank,81118,Credit Union
1043,Northshore Bank & Trust,70552,Investment
1044,Northshore Banking Corp,64165,Credit Union
1045,Northshore Banking Group,17104,Investment
1046,Northshore Commercial Bank,34586,Community
1047,Northshore Community Bank,77952,Community
1048,Northshore Credit Union,57419,Investment
1049,Northshore Federal Bank,91609,Commercial
1050,Northshore Federal Credit Union,75338,Credit Union
1051,Northshore Financial,91973,Community
1052,Northshore Financial Group,67939,Credit Union
1053,Northshore Investment Bank,16764,Community
1054,Northshore Mutual Bank,36680,Savings
1055,Northshore National Bank,45003,Investment
1056,Northshore Savings & Loan,81987,Community
1057,Northshore Savings Bank,27172,Investment
1058,Northshore State Bank,47752,Savings
1059,Northshore Trust,67424,Credit Union
1060,Northshore Trust Company,73532,Investment
1061,Oak Bancorp,25915,Community
1062,Oak Bank,13783,Savings
1063,Oak Bank & Trust,92578,Community
1064,Oak Banking Corp,89806,Savings
1065,Oak Banking Group,41365,Savings
1066,Oak Commercial Bank,30758,Community
1067,Oak Community Bank,50730,Investment
1068,Oak Credit Union,82199,Credit Union
1069,Oak Federal Bank,11792,Credit Union
1070,Oak Federal Credit Union,82384,Savings
1071,Oak Financial,63476,Community
1072,Oak Financial Group,22217,Savings
1073,Oak Investment Bank,39451,Credit Union
1074,Oak Mutual Bank,24871,Savings
1075,Oak National Bank,70482,Savings
1076,Oak Savings & Loan,25396,Credit Union
1077,Oak Savings Bank,94896,Investment
1078,Oak State Bank,30181,Savings
1079,Oak Trust,75323,Investment
1080,Oak Trust Company,48254,Savings
1081,Pacific Bancorp,76698,Community
1082,Pacific Bank,45838,Savings
1083,Pacific Bank & Trust,64459,Savings
1084,Pacific Banking Corp,73242,Commercial
1085,Pacific Banking Group,71894,Community
1086,Pacific Commercial Bank,41946,Community
1087,Pacific Community Bank,69871,Investment
1088,Pacific Credit Union,82255,Investment
1089,Pacific Federal Bank,28958,Savings
1090,Pacific Federal Credit Union,60277,Credit Union
1091,Pacific Financial,34983,Savings
1092,Pacific Financial Group,88561,Commercial
1093,Pacific Investment Bank,76616,Savings
1094,Pacific Mutual Bank,27892,Commercial
1095,Pacific National Bank,19150,Savings
1096,Pacific Savings & Loan,46208,Investment
1097,Pacific Savings Bank,64387,Savings
1098,Pacific State Bank,54548,Investment
1099,Pacific Trust,76550,Credit Union
1100,Pacific Trust Company,45018,Credit Union
1101,Patriot Bancorp,10336,Community
1102,Patriot Bank,47072,Savings
1103,Patriot Bank & Trust,49132,Community
1104,Patriot Banking Corp,86931,Savings
1105,Patriot Banking Group,86011,Credit Union
1106,Patriot Commercial Bank,96499,Commercial
1107,Patriot Community Bank,74178,Community
1108,Patriot Credit Union,29476,Community
1109,Patriot Federal Bank,68529,Credit Union
1110,Patriot Federal Credit Union,80592,Credit Union
1111,Patriot Financial,73483,Commercial
1112,Patriot Financial Group,55236,Community
1113,Patriot Investment Bank,53573,Credit Union
1114,Patriot Mutual Bank,82340,Credit Union
1115,Patriot National Bank,81228,Commercial
1116,Patriot Savings & Loan,59441,Commercial
1117,Patriot Savings Bank,69682,Investment
1118,Patriot State Bank,52176,Savings
1119,Patriot Trust,34727,Investment
1120,Patriot Trust Company,41300,Commercial
1121,Pinnacle Bancorp,84946,Credit Union
1122,Pinnacle Bank,60196,Commercial
1123,Pinnacle Bank & Trust,40613,Community
1124,Pinnacle Banking Corp,63841,Credit Union
1125,Pinnacle Banking Group,15720,Investment
1126,Pinnacle Commercial Bank,51704,Investment
1127,Pinnacle Community Bank,71993,Investment
1128,Pinnacle Credit Union,59968,Credit Union
1129,Pinnacle Federal Bank,60604,Savings
1130,Pinnacle Federal Credit Union,96991,Savings
1131,Pinnacle Financial,95461,Savings
1132,Pinnacle Financial Group,29936,Commercial
1133,Pinnacle Investment Bank,74923,Commercial
1134,Pinnacle Mutual Bank,14852,Community
1135,Pinnacle National Bank,26547,Credit Union
1136,Pinnacle Savings & Loan,75836,Community
1137,Pinnacle Savings Bank,87356,Commercial
1138,Pinnacle State Bank,53515,Credit Union
1139,Pinnacle Trust,23154,Investment
1140,Pinnacle Trust Company,67711,Credit Union
1141,Pioneer Bancorp,23069,Commercial
1142,Pioneer Bank,78937,Investment
1143,Pioneer Bank & Trust,69890,Investment
1144,Pioneer Banking Corp,12011,Credit Union
1145,Pioneer Banking Group,28894,Savings
1146,Pioneer Commercial Bank,63736,Commercial
1147,Pioneer Community Bank,95823,Commercial
1148,Pioneer Credit Union,30232,Savings
1149,Pioneer Federal Bank,19807,Community
1150,Pioneer Federal Credit Union,71537,Community
1151,Pioneer Financial,44737,Commercial
1152,Pioneer Financial Group,54375,Savings
1153,Pioneer Investment Bank,91691,Savings
1154,Pioneer Mutual Bank,62098,Investment
1155,Pioneer National Bank,95175,Community
1156,Pioneer Savings & Loan,20527,Community
1157,Pioneer Savings Bank,53065,Investment
1158,Pioneer State Bank,98389,Credit Union
1159,Pioneer Trust,79942,Community
1160,Pioneer Trust Company,59808,Investment
1161,Premier Bancorp,51505,Savings
1162,Premier Bank,92155,Credit Union
1163,Premier Bank & Trust,73956,Commercial
1164,Premier Banking Corp,80912,Savings
1165,Premier Banking Group,14705,Credit Union
1166,Premier Commercial Bank,90931,Investment
1167,Premier Community Bank,18968,Savings
1168,Premier Credit Union,40771,Credit Union
1169,Premier Federal Bank,92727,Commercial
1170,Premier Federal Credit Union,99705,Savings
1171,Premier Financial,47667,Savings
1172,Premier Financial Group,39817,Community
1173,Premier Investment Bank,21846,Credit Union
1174,Premier Mutual Bank,66881,Credit Union
1175,Premier National Bank,22903,Community
1176,Premier Savings & Loan,93066,Investment
1177,Premier Savings Bank,23173,Investment
1178,Premier State Bank,68153,Community
1179,Premier Trust,31805,Savings
1180,Premier Trust Company,49251,Commercial
1181,Redwood Bancorp,13794,Investment
1182,Redwood Bank,16028,Commercial
1183,Redwood Bank & Trust,52516,Credit Union
1184,Redwood Banking Corp,17355,Credit Union
1185,Redwood Banking Group,48452,Investment
1186,Redwood Commercial Bank,56984,Savings
1187,Redwood Community Bank,59131,Credit Union
1188,Redwood Credit Union,66450,Commercial
1189,Redwood Federal Bank,29080,Savings
1190,Redwood Federal Credit Union,42007,Investment
1191,Redwood Financial,79621,Credit Union
1192,Redwood Financial Group,64008,Investment
1193,Redwood Investment Bank,84177,Savings
1194,Redwood Mutual Bank,99364,Savings
1195,Redwood National Bank,33600,Savings
1196,Redwood Savings & Loan,32280,Community
1197,Redwood Savings Bank,32946,Community
1198,Redwood State Bank,20350,Commercial
1199,Redwood Trust,89887,Savings
1200,Redwood Trust Company,60140,Savings
1201,Ridgeline Bancorp,91226,Credit Union
1202,Ridgeline Bank,99539,Commercial
1203,Ridgeline Bank & Trust,41566,Commercial
1204,Ridgeline Banking Corp,75230,Investment
1205,Ridgeline Banking Group,86435,Savings
1206,Ridgeline Commercial Bank,28758,Credit Union
1207,Ridgeline Community Bank,40433,Investment
1208,Ridgeline Credit Union,70443,Community
1209,Ridgeline Federal Bank,93611,Savings
1210,Ridgeline Federal Credit Union,43289,Commercial
1211,Ridgeline Financial,70236,Savings
1212,Ridgeline Financial Group,43466,Savings
1213,Ridgeline Investment Bank,97404,Community
1214,Ridgeline Mutual Bank,11231,Credit Union
1215,Ridgeline National Bank,70981,Credit Union
1216,Ridgeline Savings & Loan,47700,Credit Union
1217,Ridgeline Savings Bank,98815,Investment
1218,Ridgeline State Bank,81643,Credit Union
1219,Ridgeline Trust,30706,Investment
1220,Ridgeline Trust Company,19681,Community
1221,River Bancorp,67898,Savings
1222,River Bank,55293,Investment
1223,River Bank & Trust,87014,Community
1224,River Banking Corp,49210,Investment
1225,River Banking Group,93746,Community
1226,River Commercial Bank,65615,Credit Union
1227,River Community Bank,42780,Credit Union
1228,River Credit Union,69878,Community
1229,River Federal Bank,49599,Commercial
1230,River Federal Credit Union,36111,Community
1231,River Financial,60422,Investment
1232,River Financial Group,73335,Community
1233,River Investment Bank,23979,Savings
1234,River Mutual Bank,41091,Commercial
1235,River National Bank,59986,Community
1236,River Savings & Loan,84963,Commercial
1237,River Savings Bank,57049,Commercial
1238,River State Bank,85341,Community
1239,River Trust,48780,Community
1240,River Trust Company,48696,Credit Union
1241,Riverbend Bancorp,12875,Community
1242,Riverbend Bank,96275,Community
1243,Riverbend Bank & Trust,61879,Credit Union
1244,Riverbend Banking Corp,45976,Credit Union
1245,Riverbend Banking Group,11061,Savings
1246,Riverbend Commercial Bank,84177,Community
1247,Riverbend Community Bank,99889,Investment
1248,Riverbend Credit Union,16428,Commercial
1249,Riverbend Federal Bank,89482,Credit Union
1250,Riverbend Federal Credit Union,75107,Community
1251,Riverbend Financial,47512,Investment
1252,Riverbend Financial Group,40162,Commercial
1253,Riverbend Investment Bank,89569,Community
1254,Riverbend Mutual Bank,56179,Investment
1255,Riverbend National Bank,38705,Commercial
1256,Riverbend Savings & Loan,93442,Investment
1257,Riverbend Savings Bank,34920,Credit Union
